1764296	617321	485466	42957
2429360	580883	422382	29332
1497984	724610	539205	62993
1059696	296733	257772	21460
1463168	293598	187951	12437
1955920	405235	145504	26103
1093872	211255	86546	8295
3792660	777465	556683	74275
3470104	1279944	435801	45094
1713888	809937	290662	22793
2597760	1302664	366033	40274
1805024	1161490	231639	32223
2433264	808786	275663	31114
1217424	424057	128083	13648
1783584	641923	251918	26731
1309920	543796	147136	16812
9935616	3280395	1391594	116208
3350752	1127470	454192	37969
3031660	1565321	324928	43662
2222640	837064	298393	26652
2564612	2540185	226649	31900
1152624	559922	126252	15624
1119856	539487	247555	14820
1079696	294907	246912	11877
2332016	902467	693202	55397
1669808	672034	420935	24617
2368272	1009188	348356	32246
8812704	3890737	1177530	201230
3002656	1274016	1436734	78237
1108192	419676	366499	19850
3356352	1034551	1381828	62174
3161424	869094	416004	35283
3161968	868337	396073	35411
3176464	870956	419851	36535
3144688	869778	443966	35456
3131680	865644	406438	33250
1832624	478825	223540	24095
2189776	563678	313677	25588
2957344	909890	469474	57010
2729216	774285	431798	31245
3199152	926108	562872	40550
2975296	883892	393786	33779
6679808	1544827	881305	82069
4387264	1131442	493198	44638
1272320	305037	179625	14514
1596608	602513	250535	22612
2486080	963508	430977	67375
6754688	1878514	1392311	106950
1820416	804278	443903	26089
10397008	4184754	2057957	199684
1843856	852238	707618	69964
9015728	3351149	1286222	115162
1492976	384002	233186	24598
6945696	1882544	1358275	87652
1755200	658841	374236	37365
6309168	3229547	1156206	130026
2259136	719856	362980	28892
47133008	17893279	10454098	897317
1223360	414692	195031	33245
1560864	616961	352641	24955
1630944	557449	272910	21163
1166992	467300	242503	16259
1813936	849945	459365	35149
1190208	369696	197959	15522
1755216	687560	239438	24286
15370688	5641566	2823439	257862
2186976	647573	288149	39838
4997408	1260008	883308	71391
1592992	628729	246769	20970
1148416	448137	145748	17366
10419600	3033828	1601940	142765
2647392	532065	293299	26887
12498752	4370733	2175963	187972
2074032	575255	299385	39539
4299696	780244	634702	46729
15398752	5635799	2930362	266276
2046944	604145	385496	29173
5092080	937548	590410	59328
9375408	2984134	1594258	136867
1195440	404776	210344	29681
2111664	812983	325682	53395
28142864	10385545	6350281	461477
2442992	701741	326416	31068
6215808	1583220	1512972	150693
1278768	321879	122816	13242
1278192	525826	294651	20216
2005712	389752	192863	18217
2294560	523105	316166	23534
1503392	463391	289759	16375
1619392	681136	330596	30743
1230864	564452	284773	24365
1070608	778298	233822	23294
1443808	520474	368736	19752
4329408	1732746	889837	85753
1094768	459476	188114	22544
1055520	452700	161895	17721
1186240	511751	217137	19189
1869856	527639	343618	31415
1863296	976020	453443	40462
4408912	2112491	1352481	79197
1261168	403351	220149	14969
1050496	347373	182439	12269
3047360	1100486	567687	58278
5970752	2267674	1268247	98226
5107312	1859196	904235	98656
12712768	4236309	2347803	190565
1254480	602111	248127	23541
2391520	784049	444423	75142
13124432	6530486	2301005	251172
4409120	1977028	856529	85225
1328816	492718	224445	102479
6086304	2532013	1195915	116197
3679312	1147498	600653	58649
2922128	1576155	580732	52014
5234432	1713887	1005551	72353
1899008	1443331	268831	37425
1060336	392113	205966	23614
2974832	1020454	535353	49982
8316864	3205187	1672904	134243
2030848	727964	473068	31094
6752736	2282325	1467068	107043
1446784	500617	245694	17848
1151040	413015	214967	14749
2295280	797043	482348	33292
1296144	481513	214917	16815
1824912	657279	396424	52806
1545024	520305	304146	23658
16264732	7043314	2843463	297372
2450160	976226	449819	42221
2650112	1068530	507390	70034
2986096	754582	493595	40381
2481840	1170933	517070	49160
1189632	627305	356667	24852
2023643	1562774	352248	33901
1808832	690892	374033	30511
1362544	456341	341774	23043
1582128	523261	302311	28608
2928428	914375	186296	32360
28996640	8751082	4536666	495042
2846256	1083627	520101	70816
6077360	2560123	1237119	116715
1925840	699587	356457	29124
1380976	457405	228131	18611
2137952	715041	460799	30485
7114560	6146936	1109731	66663
1298032	418940	213180	14554
3623600	1389488	776457	126404
1082576	401657	336238	23603
1359696	496170	259101	24456
1124672	404488	196504	18236
4386144	1532479	832792	107496
2621984	884048	492410	43295
1086112	376828	202081	40489
1263584	392266	199933	18273
1725232	599278	318653	30172
1328244	720828	231844	30802
1723696	610332	328191	30846
6033040	1985119	1081483	107803
6950816	3032515	1607566	147578
1081520	403862	200720	15150
5138432	1985357	1005513	85516
1190909	364888	152028	27398
1090240	349077	241537	12965
13642112	4792931	2421570	228508
8806000	2401160	1593190	125940
3131363	1627778	435158	49451
1305651	983534	130493	20994
3902192	1338267	765164	67145
1221163	808199	170277	20790
1841923	1423613	217609	29999
83605040	33069945	14866413	2273504
1363808	354097	167617	24052
13291520	6626102	2622441	252727
3158848	1195607	621795	58307
3591200	1383333	743578	108714
57972688	21813257	11961553	1108093
45629560	16732501	9230482	939950
46250296	17702287	10174490	876279
45629560	16732501	8963240	800882
45629560	16732501	9344173	846158
1317824	413564	258362	22143
6600864	4852503	1348046	139471
3860522	3459303	537486	67188
1074096	335397	171826	14700
1856144	688196	341709	27456
4987952	1801671	988742	81317
1115488	375332	200565	17767
1697968	556873	314191	27662
6787936	2764323	1282671	111867
1739056	662735	363242	30117
2456736	845000	449298	44617
2190816	590025	349287	27925
5965572	2431626	1274791	113865
1087480	501831	211398	20480
3349600	1422070	715054	62504
1691440	764109	267426	19345
2469344	924315	498436	40993
1922928	731959	391616	28265
1173168	398763	320243	19970
2012960	843057	325359	35267
1951824	738501	289094	30289
2088736	1268838	372931	39090
2160448	801326	394204	30478
2151296	799256	396046	37021
2367648	887160	445272	38829
11205408	4545846	2255556	207166
1062192	453964	215459	23187
8811632	3423546	1929549	146022
1816512	645934	390786	26631
1656784	601506	311544	31530
1586992	540471	296176	26293
1574000	440560	252322	24597
1409504	447493	243855	20330
1354672	407395	236074	21406
1192272	356550	190972	20136
1268592	436271	263052	22968
1525477	441617	137437	14160
3007456	2038032	562921	62391
7437664	3837903	1366990	118560
1538144	559799	272518	26371
1736624	670602	490786	29732
1174032	436477	264930	33783
1090288	357561	235988	18830
13350096	5010518	2697338	234788
1439312	481785	262011	24834
1568960	530215	286116	27918
21879760	8545364	3429852	359758
39244400	22761419	7876402	820231
23849392	10681406	4482026	396529
1261888	511436	224184	25928
2427856	849052	424375	33330
6811488	2418735	1139370	114211
4362384	2078863	874429	77613
2089168	664117	363535	30336
1106240	425427	195092	15538
20289680	13512641	4060687	407485
9335184	6399329	1810572	195202
2382672	959128	443287	41209
2133744	702009	381567	31137
1784784	682195	336655	35436
2212480	647546	377719	115433
1359808	365863	200771	15875
1789392	753628	364508	33069
1135904	476370	214641	16989
1161744	393541	198862	19467
1403808	457162	218604	23363
3195856	1181669	616124	50512
1832128	686222	314439	30558
1785344	673405	312557	30244
1995424	713681	358669	29501
4177168	1622953	700611	72220
1399040	512246	264648	35907
5757696	1528457	762786	78081
2074176	904793	390617	31788
1473328	503199	232576	24409
1471008	520621	260212	20752
1064704	358076	184137	18844
6312464	2563703	1428002	110438
7028528	2859598	1588277	132105
7622144	657210	503736	67419
1577888	619288	275190	27402
1109872	427773	193104	16631
1066992	415964	178185	20562
3388944	1266929	631482	55569
1099168	431225	201757	20263
1167904	418716	219770	22034
1056784	407945	218172	21507
1595360	569382	277142	31041
1160240	411946	229047	19013
1394912	602422	322025	22730
2698008	591704	483335	31314
1145952	488237	201466	28603
1084064	319363	185576	16914
2111040	679471	393652	32986
4977168	263818	267294	36795
2132776	1830882	272170	36001
3439680	1414890	728110	57051
4458158	995806	543323	62284
5707344	2031473	1193776	91074
1172992	443329	239468	15695
2380960	950498	460164	38202
2554752	1036689	459275	44488
1173232	427608	202864	15512
1453728	480505	256674	21731
2699344	623534	375659	36861
1789456	623853	317042	26443
1365104	507496	271276	20766
6232480	5479500	876555	32065
4174577	4041002	524285	30958
1454496	593958	222336	20458
1078208	462150	199417	20246
1138048	368125	210523	16432
1186784	408217	219234	17671
1102704	406398	170664	13427
2558784	847745	422591	37703
3422864	1441145	623667	60379
8034704	2153838	1293600	113160
1347472	464406	235066	30129
5575472	1915735	1105410	88267
2012848	815505	399526	35715
59360240	24266008	11017922	1101467
13193440	4348909	2171004	190544
1743728	687336	347496	34198
1695808	596387	318050	26103
2457003	790272	234032	29557
2724144	924012	522464	43455
1294928	471403	230384	22517
3426304	1234782	621227	53027
1150704	263641	157674	13060
13207184	10713943	2406596	266140
13251344	10768263	2414001	263831
1327104	490551	262442	18098
3182800	1464485	839610	58425
3783760	1757326	1025425	73398
1428656	501783	276703	21957
1294344	520599	215942	24911
1220829	1186829	156724	14216
1122858	1040235	158114	17599
1219287	1138932	175955	16706
1241273	1161051	169709	16788
1065305	1040578	167918	11740
1116970	1029748	180057	13590
1247961	1164191	180731	17219
1231460	1164064	162283	14221
1419095	1360423	203490	17327
1098605	1013918	170262	12612
1513888	1039343	175662	13001
3723536	936730	554535	50123
1748560	478478	265854	22706
7891904	6912668	1007751	45913
12815888	4280360	2223803	191447
1745424	634589	314332	27752
31848928	11058391	6082411	500756
1887952	601878	280663	32664
1980960	660767	319019	31584
2429472	832519	423200	38516
2144704	734874	369229	28068
2065680	703647	339973	33678
1133840	408290	222980	20235
1258704	535690	248801	23630
12596096	4689755	2337078	210741
1395024	450912	209802	17756
1455424	431155	215158	21780
1934972	729656	342920	34473
2432928	1005855	484048	42566
1299792	502788	224651	22043
1970544	760930	402671	32028
6752480	2205856	1235229	107819
4767120	1749329	822502	74189
2623968	874831	441985	40446
2286288	725571	390174	36032
1180912	391622	191091	19987
1654944	609745	300878	31906
4783568	2174326	850225	81426
2057120	834785	377260	40785
1651072	588308	274649	21864
21963328	8623109	4296231	371082
6811344	2873973	1162052	110411
5482768	2474921	1040156	104282
34786464	9215942	4522089	452663
1249840	463887	205367	20244
1104352	383964	179851	19169
51857728	9319066	5013101	638660
1716592	717185	260723	24853
1619024	659657	217187	24021
2971968	970051	473411	38293
22192128	7502917	3748338	336593
3041104	1197033	550186	51320
8225884	2445574	1574493	122462
1908928	989163	467497	38071
1077184	570788	260070	19610
1086480	577852	243134	25902
1082256	574620	254609	29548
1085792	578083	226880	27053
1107792	458344	213550	17689
3927824	1366591	631208	59341
2187804	646868	316365	30014
1656064	197397	143305	15679
1145344	391465	229010	16293
117110032	48355442	21008614	2193537
3030608	503168	312418	32475
4957136	586455	391773	46444
4945392	579907	381657	41438
4957168	587551	385698	43195
1946608	722499	368934	35026
1102416	368246	200537	18125
1327488	471773	229953	26595
1398272	385972	210580	28394
13524972	5150499	2128590	203373
2749488	895206	481506	48868
4647200	1532443	941306	67732
4716880	1556658	941095	73574
1111472	237484	142255	12355
3326032	1289544	681401	52398
7877136	2694392	1330427	126028
2284416	764201	380934	40551
1918464	659301	336533	28531
1343536	613255	284585	23894
3564016	835834	404037	44204
15330928	6689339	2621005	232683
6550864	2256989	1078520	106038
1110432	411582	225052	19154
1068464	512668	218934	24551
3877884	2117501	837021	80049
7108504	4146446	1439420	147986
3383804	1862375	748801	64384
1129968	476497	219619	18895
10192400	4326746	2051316	175400
1116096	337284	184084	14367
2359888	787285	392489	30104
1954992	632572	336474	31298
7793696	2772929	1473865	132634
1179680	366540	181349	20054
3962080	1283755	695903	59957
1279584	399085	201451	24094
4562576	1717880	862672	78457
7519664	2586660	1401560	119230
1831584	623370	315674	28539
1581376	508973	265984	22674
1877504	623492	351742	32474
14790368	5357356	2389778	240303
1101680	452025	221364	23026
1976944	649603	398299	27539
2768896	932638	541683	52185
9980368	4252691	1763968	167537
1399984	523213	282221	28746
11472000	3755737	2159269	181655
3840416	1128939	756696	74505
4181040	1260534	736960	57892
10437648	3457311	1980949	162871
16919552	5558620	3291830	255153
1521472	514994	284674	25742
7841728	3574470	1660634	138313
1279616	444243	236875	26583
1577104	541866	309664	21128
2146144	702308	403026	28050
2128848	767690	371490	33759
1937120	631944	332602	27883
1782848	649800	374552	35173
4299632	1538701	918862	71293
5194240	1885075	1044579	83166
1474064	628701	296266	21216
1161856	401761	206761	19774
6127488	2622237	1170224	114296
8250160	3040632	1507256	134955
1265632	505058	278688	30337
1646848	581192	326845	37307
1946784	780188	427851	32702
1201696	460236	229853	19483
1052352	371768	196909	13025
1323216	513491	244548	21104
2349312	779965	432701	38839
9031716	3242131	1702079	144568
1612672	730709	310691	30209
2006672	666957	349837	31716
2331152	904155	467033	38919
1356224	547236	288175	23699
2107952	801253	401510	35428
2841280	964419	549688	52069
3006704	1069301	609279	47009
2656992	768109	439955	38651
6573328	2455726	1341425	106492
1093776	383540	183093	19617
1099152	384601	184198	14719
2244864	789385	387650	36764
1098608	284762	159851	13973
1775136	775074	343504	49896
1177472	288796	182398	18160
1092912	344333	218898	15212
1336240	499047	244608	22019
4054640	1253678	697042	54508
4548240	1431303	859647	64284
1286032	390719	219752	21820
4707472	1472083	895882	68394
2307504	714937	398211	33400
1619040	498381	278122	25553
1183024	365654	211690	13493
1387344	424991	232054	17635
2347968	717500	422118	28252
1801568	596502	353807	23788
6308784	1951453	1040836	87677
2904656	1015075	582749	53320
29740512	12862951	6269829	568647
1064768	334951	188037	21320
1607616	587402	299561	24815
6492928	2590362	1324588	97551
5709536	1886263	1064951	89951
8417584	2957668	1540194	129272
68096912	21955956	11025667	1114392
25928080	8836258	4132124	415931
18578828	5233211	2150625	246380
2457216	826143	460883	36921
19516504	11344686	3369763	359166
1987200	771837	280315	26472
5940793	3443184	834047	77223
11428608	4430216	1571366	147763
87498032	31498467	13156819	1214340
19086816	6898493	2823945	232321
1053248	341872	160621	12888
1864848	778116	209945	22370
6140024	4308629	802734	58243
2013484	1112410	297047	32874
3988256	1724033	616061	55684
4204004	1714663	606783	55003
4322672	1702434	668633	67861
1622096	872630	275494	28228
1759136	550500	238221	20422
1070832	622207	199623	16999
1596224	808043	261600	25045
5675392	2205018	804891	78951
3187072	765218	319363	31407
2056816	330543	176842	16765
5156720	2462266	747945	89473
1449956	304233	153579	14473
1192332	214912	105463	10457
1351184	393178	156618	14990
1598648	526961	308306	23353
1188460	496846	189658	17272
13976352	6219119	2263901	209214
41446880	15280685	5681791	564760
2620592	942985	288908	31743
1474608	501122	201046	23231
2265936	768460	286967	26559
1998000	708625	214819	24977
1581408	524982	204828	18834
1404880	499569	188935	24327
1086432	359351	121966	13109
17735920	7581537	2637212	258146
1831712	444376	189270	18992
2016896	301335	145027	15918
1166784	548649	150212	15774
7246944	2436843	1051508	91229
5650048	1392377	549198	64400
2059692	941745	286365	26221
1055744	610730	183152	18537
1152032	402740	162935	14830
3481376	1462382	504941	53681
1064464	341127	129474	12505
2323168	960565	343536	34202
1812528	680722	327865	24655
1297060	460138	178072	18504
1373148	558573	193054	18056
1463412	405607	172474	17331
2283288	678752	367037	26742
1775268	540288	275173	22689
1196656	455125	180661	15115
6966208	1771942	855434	69549
8792448	2165329	871885	94737
1918176	595722	226362	21432
2152192	645305	271036	25088
2562256	618721	314040	24352
4057376	970591	526780	46058
1537800	582070	246796	21900
6655372	2180000	1142544	86761
118449016	44259191	14165251	1623306
1166432	284487	133945	11500
2481504	954172	390509	32739
2096960	1483608	260061	35259
2902704	1323042	430431	43658
15008032	5600630	2407788	184486
25342104	10152768	3446806	321915
25059448	10039349	3308018	328310
2777424	907899	375653	33021
2533772	952998	380382	35683
1682144	622265	224475	22544
1558180	643445	224701	22655
2566528	961597	333214	33802
26782240	9967861	3669257	355087
4879328	1428495	669148	55026
6642704	2703361	1021522	84454
1352704	456499	198876	18777
2471904	877273	333861	31476
5187040	1817719	792644	64955
28417792	8530268	3606618	340942
3481504	1566395	543729	56210
16169128	4178787	1802337	175490
118360724	38832138	15600249	1585657
1759912	766552	283361	28563
13305664	6483672	2334764	228692
14433456	5421295	2047362	191772
40268400	13843077	5287044	532102
27226232	10636131	4036672	377797
28424048	10462982	3864574	386613
1321616	283288	108127	11441
3396736	1183819	417151	41738
39040032	15342250	5919417	525731
51012656	15604442	6155557	577998
54480208	15514594	5488620	577738
26985200	9549638	3511882	336220
17275024	2973823	3062368	146088
14618864	2371033	2090531	118983
17275024	2973833	2242917	190694
32845856	9102383	4522250	351655
35101776	12482636	5902923	458177
36476592	13138754	6113379	481189
11363616	1594589	1038651	107575
17585872	5193793	2459389	221179
18914848	5515875	2766073	220777
11148208	4544927	1729388	187496
11569824	4615584	1584551	139590
10897120	4507091	1543655	458729
9519488	3907003	2138707	122646
9491760	3910630	1837655	159855
9690912	3995379	1331642	143713
5939476	2352357	1003861	99960
3640540	1125403	553017	44356
1051464	259213	161072	16305
4149016	1590788	679785	57600
1972768	633888	284451	26308
3483776	1208606	867073	109917
1262984	621591	303637	25871
1096028	349447	325544	30423
5611480	1802286	1330712	185157
1185760	347992	284776	14758
1436360	458273	217259	25513
1647364	531307	243417	19817
3302132	1071561	530560	55085
3053104	914235	444220	44589
12623016	5581146	2230117	222093
6170968	2084488	1168867	77912
2644044	590636	277777	26916
2904900	695055	320131	27841
1665792	554183	230322	19141
1067220	290092	114152	11627
1154376	234217	114958	13206
6313368	2033087	997993	76370
4866924	761853	413557	49398
1435004	288427	130755	13465
3623496	823370	381162	33590
8170108	2754775	1199929	105278
2026856	796650	566286	28579
2093416	839796	394074	28235
1105964	339200	127311	13045
1906932	557906	352314	20020
4106988	816078	598266	52104
1797528	468175	233866	18124
3129420	681563	348927	47833
1052704	201150	98173	9129
1357728	293695	131785	13516
2440480	738927	317761	27267
1266880	334846	139089	13161
3305472	871219	397924	41456
1281240	341062	168740	13585
1346568	453512	181697	17385
1558520	441507	200566	17617
26213180	5738837	3447430	263983
10073256	2258807	1351575	105650
2084176	612134	316482	26962
3442216	852564	842758	93923
1644340	458477	293308	17751
1168080	388722	160805	13450
21743104	6350622	2932958	239744
1383588	332194	202345	13476
1766472	447774	177560	17769
1451464	288014	192913	13636
1672324	524751	228006	21030
2018260	506477	275253	19896
7145260	1790524	1002565	73301
4915120	1054061	510058	45678
3350352	612782	300051	27564
33992940	8953931	4411467	386185
8448548	1119579	662346	180223
7724016	913976	484681	59817
9125960	1855719	983330	84156
3635160	821582	335504	43276
1139140	239715	96575	10343
11167092	2748249	1287770	121535
2067516	582082	239045	21721
1400196	402507	207333	40319
1176236	312830	131442	12218
1070056	244496	261215	10185
5006500	1511814	1075154	105299
1138984	311576	130071	12640
2020644	516626	255421	19954
1197804	290863	131161	11626
4818104	1411696	1000556	78070
3278124	1411116	629246	80911
2253204	546975	555316	62219
3785592	1016800	576026	40761
1342948	343529	182987	13229
9239428	2206736	1137930	100892
2461188	612621	297940	25206
5394420	866957	426457	44374
1250900	254379	113829	20570
4183340	789223	441550	41229
4395476	853717	492487	51939
3724324	1261447	607005	57428
2954320	1191263	539781	43075
2746572	805727	372441	30168
3185488	582918	260458	26812
2929940	866049	370300	37968
1368932	353486	193168	15707
2234412	542872	333628	29596
1259072	317747	182238	19564
5271216	1725862	806882	89384
3681880	1009035	472805	40296
3030216	712771	329570	28935
7113568	1946679	954547	77349
3111576	894356	471272	33100
3231324	961861	432912	35886
39955632	13677674	6135766	574769
2300320	755611	292801	28217
2001464	595797	281100	48630
1709604	483610	318947	21662
2711264	967972	421920	34608
2018936	611193	281958	22228
1404484	421742	179129	15392
1188532	352207	159780	13617
4692212	1221319	554983	47831
7279532	2202783	1044451	82599
5070204	1404825	688592	60314
1754276	520336	253785	29824
1181120	411833	199426	16589
2691612	745142	338350	28752
3211736	637812	360060	29960
1207424	253426	125777	10872
1112532	295703	138121	11944
1558744	364236	146438	19428
1202052	298031	126067	16246
4096456	821361	412300	35455
5212436	1434762	709146	82273
13527708	5528899	2292349	268075
1767476	470347	312447	22930
5071848	1914371	971547	97033
1173832	266537	127595	13273
1092924	261915	127483	10228
3399528	697429	359119	33411
1322096	409980	171140	18317
1808556	494785	224989	18270
1626056	295540	129058	13514
1995392	472030	213716	23471
1706316	521229	223108	19010
1329648	313129	178963	19396
1092424	303103	192428	16626
1342624	491703	199967	24197
18129852	6417820	2523528	243637
5116960	2660671	965843	119897
2495488	1176030	401271	41015
4479584	108049	124519	22825
10118176	2839946	1548524	108140
3159591	974237	494216	36144
2677216	885638	337282	47759
1182432	353171	128345	12856
1808440	558083	230263	21853
2574384	1319448	461571	39333
3981200	671723	462084	34349
3341404	587252	345537	28318
1300728	462346	162745	20342
2766096	749575	363011	28832
1715248	447325	201212	17634
3383472	1044386	581461	39705
1209820	388634	158733	15116
1626080	529952	217885	20495
2094360	753129	330726	26154
2118872	754359	284654	28960
2022560	816019	298870	26329
6260284	2588124	866147	81798
6159544	2573736	981450	77499
5605788	2223766	876221	74669
5669092	2081405	850344	78875
5796860	2149758	928481	84483
5621520	2058297	741832	75150
1530800	501399	233637	17728
1440924	478967	201848	17676
64927480	24525876	9284480	953968
32114232	9908899	3602752	387735
6741756	2650393	1026671	87031
6920244	2723446	1166598	86355
6684456	2693977	1212321	89233
5399160	1398507	719808	62081
2747696	1017860	398039	34127
1246224	648371	196935	23004
1189672	568747	191384	17088
21872112	8456897	3323014	303912
1450864	440694	157501	38097
25563584	8736864	2386705	288063
1097116	373302	178937	12379
1658264	512429	303719	19643
5509312	1385021	611622	95330
1152256	397148	176162	13047
2573456	960223	268909	33807
1966656	581698	243212	24076
2856800	1097836	316018	41351
2035584	482337	150741	28733
1328208	659852	216237	19845
1120736	341426	119909	12377
1862656	675213	259945	26422
2444064	814272	290931	28099
1161356	335679	144215	18294
1142624	463809	132454	14866
4845444	1391739	594072	59146
1220352	543233	197685	18770
22565136	8603988	3733405	325801
6302280	1295211	568612	59363
4509920	1951491	664100	91559
2563728	933111	345195	31840
3029984	167757	175095	21633
1240892	449931	269121	16148
39282720	13818091	6253695	497960
4570848	1183498	642241	48887
26418964	6150004	3118726	261159
1263912	541237	186263	23192
2201040	675756	359287	25673
23937316	17776807	2630364	380824
24190704	18427934	2858264	388193
1973744	658513	242249	22619
3834464	1285258	447914	43247
17659292	6438977	2203122	205758
68984368	24070438	8418286	821196
3285872	1133832	398758	34279
2758336	378301	165706	19918
41952080	15570536	5251971	491141
2934304	789088	333201	28687
17158380	6231535	2034793	198123
4667972	1331345	495511	45653
2057316	736143	222323	25381
2289488	875360	255236	27875
1460564	521732	148565	15038
20238752	7689686	3342001	277527
2128656	801031	448828	31305
2598216	938829	321925	39213
7522336	2066984	662226	80630
8672384	2150541	790880	85651
1965600	729993	228416	24839
1974064	820182	234957	25085
2214832	776431	321781	25488
2416080	840986	336522	30043
1179653	1086703	105341	13692
14094016	4622348	1744696	160114
1098176	400469	140941	13158
1135120	398660	126438	10779
1202160	1019401	90502	4385
5322144	1678423	561017	54973
11521520	4229171	1499393	131340
2604832	668579	206213	25075
2044848	803935	280281	25057
6352976	2674829	676211	66717
4978256	1865395	882806	85165
1487808	560799	232610	18332
4375616	2093815	590953	60372
1481248	549728	200722	19574
1807840	615303	243771	18547
1461776	504321	270517	16918
3531568	1243016	492766	69119
6034848	1951174	736698	115452
25019696	8864838	3842056	292336
1148096	402354	135430	10757
1495392	527184	181946	18051
2131392	754579	265832	24556
1077740	327263	113745	11009
4583904	1613975	582511	51706
1176800	408399	247528	14215
1226160	440394	152053	13749
1753504	528660	172958	19890
1848320	648779	247536	19557
16861032	3235151	1455721	144175
1215792	407330	123649	14549
2458304	1915993	227724	16633
1312256	722743	168656	18691
2873007	368567	165255	18536
9093872	2545675	1127708	87201
1756336	566065	189277	19900
2538128	786184	376895	28969
1959830	347424	92884	11684
1344000	396999	125916	14101
1488464	507054	163462	15011
6896256	2353725	716382	82982
1346912	460809	265781	21678
2315824	672066	279912	19794
1631952	552561	178044	17363
13257680	6210625	1950080	169758
5048688	1872396	889212	79907
2244000	855111	297421	29484
2099840	803729	249857	25874
3278416	1294606	470996	33811
3369712	1194181	401373	35991
2261984	946338	316121	26279
41888736	17184477	5125339	589801
8580176	2531711	752730	105233
3158848	1195612	357874	40134
3591200	1383337	434591	40592
31496448	11889537	3608695	360576
7155392	2778529	738389	90136
1478176	695394	236913	20213
61599920	24666385	7246009	753812
19298320	7600790	2762459	227748
18484800	6611223	2475141	231580
1859360	729410	290142	23154
17140624	6455378	2844545	204828
33703488	13931607	4516693	411512
6196528	2311494	722807	70436
8550096	3077616	1086120	102026
13761728	5462008	1915684	153669
1962224	884417	265978	26448
1463696	729212	195214	20638
2110000	1066594	283124	28054
1243984	482681	154118	15166
22685204	10724772	2321173	302489
36792372	17123897	3295376	489282
1247152	428564	179253	13816
1292472	311423	106476	11815
62771532	22267161	8159410	761486
1615460	569810	233617	20614
1546112	492237	180172	16099
3345216	1373713	466030	41460
1979280	743789	252663	28258
3616688	1516990	483373	47037
4626496	1858495	642989	53871
2277456	996558	301810	29079
9434160	3542317	1264876	112201
1801904	543231	186340	17120
8476376	3315421	1086597	94881
4396544	1482467	416672	45614
4644352	1566617	399767	56239
4140632	1586520	621155	48354
1366016	484151	215936	17702
2108928	929095	226125	25493
2800400	1132107	354581	31695
2800416	1132118	326254	32199
3179120	1260694	431565	37906
1081856	389893	135675	12743
4509696	2003119	487907	50526
2875792	1104775	366674	36956
1111552	418334	136037	13903
3836416	405058	239925	26472
1808247	712583	466349	21016
1955755	834603	403370	24099
2647632	951008	321765	30106
1264720	434858	138113	15190
1062704	502785	109647	11719
3571200	1245389	410515	48680
17526880	3918524	1819043	158387
1450975	680817	193668	17974
4675896	2406829	590622	60125
5876220	2802998	697982	78050
2354896	917810	351420	30608
5618512	2096695	825865	70505
1778704	509799	293524	22643
4686736	1571062	582405	52006
1547136	531948	202831	16883
8275216	2631119	1001645	102033
1968592	795900	236839	25290
1963408	762045	207138	23830
2553728	1242350	331514	33532
1059536	441087	128224	13793
3198928	1094968	425989	35837
3671600	1154916	400206	40575
1376528	453618	147584	19809
1928512	697315	240817	22795
1468208	471439	174134	16280
4612064	1635114	521057	57456
6580592	2289059	823130	74001
2008813	1852835	216311	22795
1291328	436310	146524	11618
4271452	1739795	476610	47775
2136688	776349	333237	25378
1128160	409943	188319	14503
15528160	5952459	2208016	182230
9408896	3110006	1209500	103900
1426320	517044	227893	15727
5598624	1539976	496012	53186
2430416	879979	326329	27650
2424192	1060131	296307	28441
30482564	8928698	2631541	303358
2496416	929899	266981	23963
3888368	1352107	373918	37897
1329968	507779	154632	13640
1207360	369872	119226	11109
76835728	27596651	7501440	795861
2165680	1100723	196153	21822
2052016	1070257	178140	21279
3157200	1295996	282523	30197
3130736	1442717	379314	38038
2572560	1165405	270335	30062
2991040	898390	270148	26365
1438028	565419	60865	11340
1082160	301477	85367	9323
5868816	2129084	748076	81911
1449296	577401	269709	16350
14779680	5399995	2001445	169643
8966656	3059085	923116	87438
1472784	468961	130808	13238
27172256	11780725	3259803	371375
41888752	17184504	4216901	462834
3041364	1372642	291056	30773
1123168	354872	109121	10441
22123604	8200216	2617900	249157
1909360	564446	144391	18579
2414320	659059	205585	20080
6348496	2030529	690406	56531
8346992	2721893	805251	89481
2687216	1085839	325778	27649
1798752	731712	195173	18503
1366784	540366	131949	13691
9889456	3044509	901235	84613
1250192	454226	109301	11742
17810432	4855871	1483587	142276
3070576	1205612	299997	30599
80650768	29048779	7716374	932334
5764784	1660312	481642	47680
1801136	532684	174375	18169
1152048	298051	115127	9162
1940208	587824	170195	16750
3003168	597787	166656	21044
1291984	469029	124503	12010
3710640	1201713	335594	33096
1079184	351029	103750	13703
12378876	5074011	1402274	128992
2520080	972251	255829	25332
14067140	2828185	976100	104122
5723940	2177552	504178	57497
2979568	992336	250900	27148
4212888	1863792	380860	42348
7188736	2751510	859531	109191
1823008	518690	187179	14981
1749520	694269	154511	19139
1912496	536046	159429	15777
2150912	757706	197482	20732
4824336	1561785	480987	47910
9307136	2707531	904371	133351
6347632	2236541	682959	58482
7778480	2687339	866791	103736
1425552	486868	158573	14481
1116416	307600	89738	11748
2175456	712746	219151	19384
1361280	436872	140139	12206
16885536	5713289	1633416	166910
3051904	845257	252057	24846
1093056	429801	102024	10668
1476720	534004	165652	13556
1239152	353588	94269	10173
3913952	1886023	421334	51943
1757920	645115	150779	16422
2186384	807234	206890	20672
3037664	1238911	476556	32108
1055616	437695	100286	14764
12369136	5239433	1521013	135999
3658224	1897650	311333	37649
2096736	587815	176365	21090
1579120	540570	148814	14260
1633888	624462	174450	15670
7136208	2586054	669133	71859
1107024	373274	185844	13139
1226496	561817	121535	14907
1523520	469520	128396	13552
2291312	611127	207017	20361
1552832	386322	102989	12914
2555536	992645	276190	28215
3766704	1668406	370675	40131
2617008	1152149	353815	37606
1227360	592709	188166	21798
1258176	552897	208527	20433
6542064	2744916	927030	100031
6007840	2321651	830293	99144
4763488	1679084	647397	63467
1556720	515662	213798	14886
4637712	1488569	375522	43463
4659056	1430002	371951	43156
2116864	817196	228834	21685
23388128	7963901	2177682	253161
7294928	2894698	725710	94518
4299200	1335436	432114	36292
1158944	563217	112178	12060
16613040	5465391	1432004	149808
6079440	2561219	556911	68030
1155312	457426	101391	11135
3365888	1204840	303761	31188
3178912	1381543	304610	33717
1914592	830712	226115	18634
10307152	5013181	1031307	110589
1295536	572202	119926	13879
1411616	676593	142696	17127
2505360	513590	250707	18195
1113475	221891	64992	8017
1650272	547967	157502	16557
7728400	3007259	737281	86249
2095664	617321	237869	17529
1869984	746245	217843	21456
1341184	504222	130438	15012
3500524	775682	241547	25704
17033958	4451066	1266056	142572
1388240	394301	275217	18500
23950076	7525582	2243110	275802
66497416	21710064	4726020	751344
16746992	6529567	1602215	161145
3599296	1599135	343433	37473
1423544	379864	104166	10882
14253984	4835262	1483613	178467
2733344	940032	259078	24679
4818464	2101870	469528	47466
18451312	8667602	1889309	185981
2628528	571045	172339	19042
7938704	2580154	652682	79098
4517152	1648063	493986	46355
1481936	539916	134624	13881
10106944	3857415	985946	103184
1781776	719986	209586	20623
1443936	591843	141219	16136
9707632	3773206	1929667	195766
1050128	429537	284706	37169
1398032	409204	175466	33590
1493408	567619	216404	18331
1553312	549820	192571	16730
1645952	573293	166590	15912
4199927	4086134	364583	46144
2571616	869093	251950	27687
1314800	465803	168897	18217
1486672	456518	124084	13089
2855696	1018585	310360	28012
1686986	1445506	104358	28046
4162864	1386967	583004	73312
2244992	710910	318071	23562
1994128	662611	212092	18840
2174160	674246	186395	21831
1544000	521311	135211	15488
1549600	487974	171939	18994
1614048	526527	165475	18751
1387504	499755	133871	14205
2279056	803766	233734	27141
7439808	3246378	1507894	156505
41041456	16849327	4178554	518146
5608480	2011508	587869	60236
3757104	1330474	462320	38921
1114112	380291	121262	11392
2541840	822953	240686	25179
2475088	780720	219485	22345
1223952	430298	111361	15065
1739648	619530	193570	16408
1588096	543311	135134	14636
1320192	434059	137339	12304
2944004	1487882	421795	48868
39509296	14873429	4320547	485474
29091184	11804230	4560272	367644
13664624	3497592	1143051	114002
2128976	788477	208961	22616
6816432	3006620	1133823	109782
19913664	7807114	2418773	204800
1887056	631042	225148	24207
1050672	352567	114401	12618
2935024	914951	260022	25526
1361984	739465	146850	17919
4931072	1174738	617783	61513
3296720	1301642	363570	33504
1271056	482783	120396	12510
4439232	1748818	428141	43950
3073744	1017931	360051	27525
1277360	554640	200025	19132
1786160	827163	166828	19295
16730592	5827375	2130549	175945
3304896	1109615	288104	30744
1884000	465243	124407	14862
1323104	495631	149389	13052
3419200	1182803	336439	36215
68497456	25261119	8522901	759397
4322848	1530465	420465	42573
4322848	1530472	550544	55881
4322832	1530471	495869	52655
64626256	22155018	6819950	808393
1480720	622097	203404	22207
1426096	588163	190081	21803
3259952	1207721	419748	35308
3807680	1411457	441268	61288
1633280	528435	232004	20299
3496448	1119211	483234	45615
2129408	742148	322420	32071
1544192	510894	266577	20083
3163136	1008514	319606	29566
3053056	1075454	346732	34529
2566144	831343	262743	34863
1348720	562805	178822	19036
2613248	906158	344914	28923
10320800	4422839	1225095	111629
46755039	5991409	1940179	328413
1894128	936975	242305	23743
1064592	339975	123291	12517
1150688	455981	171420	14702
8789040	1523290	586435	77688
1387456	435437	180452	17200
2959024	1010186	367913	26817
1119712	320578	78173	9231
2260132	1712002	165817	29996
2310984	1308797	381755	40119
2152684	1205134	360272	34001
2328304	1111193	254785	26633
2758112	961418	294628	25006
3254876	2299996	295601	38769
4501984	3178175	353725	62476
8944392	5924391	744982	139434
4659616	2021676	499232	51653
4549168	1881041	452844	50145
9269744	3171441	945440	98181
1260480	441197	121182	15536
7865616	3728376	1052915	85305
1291600	564274	131706	13291
1764448	579977	209903	17134
2127344	674867	204406	23211
4017200	1441057	402552	36750
2214128	722219	281628	28783
1201072	400627	152203	14311
1229632	451435	175613	15572
1688640	810472	155394	16528
1253840	430509	112743	13221
4541920	1839868	548032	57894
25514640	9468483	3006548	292116
2224480	724466	252171	32568
2824416	923402	404252	36762
2182416	712414	279118	24601
1410128	528854	194222	18187
101995136	37328354	8811662	1049822
1842376	712062	139395	15484
63063712	23266772	5726518	662523
4723492	1604640	420325	43481
2369232	781183	210650	21511
2690016	905442	239221	24206
2446464	804815	223646	22068
2053248	666666	158833	19460
2368304	773596	242602	20954
2454688	807691	231375	26730
2372400	771221	225455	30160
1946304	616618	153350	19582
2327184	760476	212575	22281
2721984	884494	286218	26475
2379856	791147	300192	22253
1135276	287312	99964	13251
2570544	781118	221069	23432
1281936	462006	127327	12709
1109008	425533	130097	10999
1346944	435113	111758	12824
2080720	677699	225665	21455
13472884	4010419	1328275	121926
16567616	4307645	1908914	159088
1733312	504554	201918	18323
1171968	332992	114212	10615
2243024	925093	223349	23514
1106928	407475	148225	14422
5403232	1838065	814029	106273
1322136	612306	119792	14524
26536912	4150509	1433399	179885
1266688	416892	99593	10990
1195792	373060	100824	10148
10513904	3745432	1097753	119914
1477932	620093	191831	19866
2669504	1174519	256948	28105
4758384	2082698	458680	53170
1394752	455964	122633	13035
1558784	516274	155005	13775
1464416	461840	123765	13673
8102928	3181926	725932	90229
2387376	875267	242054	22492
19838720	8467635	2169208	217877
2567904	1301339	351218	31206
1592000	479761	142228	13495
3458992	1727670	490151	48037
2714656	960182	315058	26689
1250112	414468	94962	11444
1086592	453770	115093	13445
1471592	406901	109842	12268
1345592	358267	99925	10919
1503976	413840	110263	13891
1520396	423484	125813	14341
1351376	443221	112854	16707
1495184	429811	125898	14786
1115909	719165	102175	17227
1182320	422688	121462	11375
62565808	19844872	5315760	677391
1396144	367237	94621	10579
14235344	4110517	1151950	119798
6312528	1922191	510125	57513
1690717	459934	110573	13975
1267248	481462	130290	12454
1242016	437977	112013	12254
5395406	1765415	589063	48182
7101680	1894278	734186	58742
33302032	13770891	3439088	467019
10377728	2606358	1332891	125995
2672784	868463	382912	35019
1702256	557527	254624	22349
2003680	599107	243559	19257
1615088	529088	144511	14439
1153632	427339	120258	14277
2418288	1241628	253309	28636
1399456	513182	122464	12946
76419904	28698439	7902095	770147
16069425	1214192	429525	82353
